bicluster,n_users,n_artists,total_plays,avg_plays_per_user,avg_plays_per_artist,density
0,35,8031,672364.0,19210.4,83.72108081185407,0.0844975719088532
1,1,352,88458.0,88458.0,251.30113636363637,1.0
2,1,38,35453.0,35453.0,932.9736842105264,1.0
3,4,1606,123404.0,30851.0,76.83935242839352,0.27334993773349936
