cluster,size,percentage
0,1,2.4390243902439024
1,5,12.195121951219512
2,12,29.268292682926827
3,10,24.390243902439025
4,13,31.70731707317073
